4.4884999999999995e-06,1.029e-05,9.3264999999999996e-06,4.3815000000000003e-06,1.1455000000000001e-05,1.0009e-05,4.4799999999999995e-06,8.4955000000000002e-06,8.7585000000000009e-06,9.1815000000000001e-06,4.9404999999999995e-06,6.224e-06,9.287000000000001e-06,4.5105000000000003e-06,4.7545e-06,5.9685000000000005e-06,1.0859999999999999e-05,8.655000000000001e-06,1.2615e-05,1.4495000000000001e-05,1.2345e-05,1.0337500000000001e-05,6.5559999999999996e-06,3.647e-06
5.0479999999999998e-06,1.1915e-05,1.078e-05,5.023e-06,1.4105e-05,1.3065000000000001e-05,4.8629999999999999e-06,1.1365e-05,1.0568499999999999e-05,1.0634999999999999e-05,5.49e-06,7.0149999999999998e-06,1.1755e-05,4.4614999999999996e-06,5.3785000000000003e-06,5.9050000000000002e-06,1.3720000000000001e-05,1.0784999999999999e-05,1.6395000000000001e-05,1.6685e-05,1.4705000000000001e-05,1.2544999999999999e-05,7.3160000000000008e-06,3.4970000000000001e-06
5.9915000000000001e-06,1.4095e-05,1.4970000000000001e-05,5.6899999999999997e-06,1.8734999999999999e-05,1.6645000000000001e-05,5.3074999999999996e-06,1.4525000000000001e-05,1.2669999999999999e-05,1.3499999999999999e-05,6.015e-06,7.3930000000000002e-06,1.5824999999999998e-05,5.6485000000000002e-06,5.9065000000000001e-06,6.2089999999999993e-06,1.785e-05,1.3725e-05,2.1365e-05,2.154e-05,1.9810000000000002e-05,1.5019999999999998e-05,8.4090000000000003e-06,3.8689999999999997e-06
6.9584999999999995e-06,1.6765e-05,2.012e-05,6.156e-06,2.4845e-05,2.173e-05,6.1434999999999997e-06,1.9415e-05,1.4949999999999999e-05,1.6725e-05,6.8950000000000001e-06,8.4349999999999997e-06,2.0024999999999999e-05,5.9030000000000001e-06,6.8220000000000001e-06,6.9044999999999997e-06,2.353e-05,1.7915e-05,2.9119999999999999e-05,2.813e-05,2.546e-05,1.8179999999999999e-05,9.5469999999999985e-06,4.5730000000000001e-06
7.8065000000000006e-06,1.9644999999999999e-05,2.6635000000000002e-05,6.7235000000000001e-06,3.3160000000000001e-05,2.7805000000000002e-05,6.8580000000000002e-06,2.5450000000000002e-05,1.7465e-05,2.0254999999999998e-05,7.8665e-06,9.4620000000000002e-06,2.5060000000000001e-05,6.4539999999999995e-06,6.9624999999999998e-06,7.7164999999999997e-06,3.137e-05,2.3090000000000001e-05,4.0250000000000003e-05,3.748e-05,3.29e-05,2.1294999999999999e-05,1.04275e-05,5.2300000000000007e-06
8.4525000000000008e-06,2.2354999999999999e-05,3.3319999999999999e-05,7.4335000000000001e-06,4.3139999999999997e-05,3.4255000000000003e-05,7.4335000000000001e-06,3.2169999999999999e-05,1.9560000000000002e-05,2.368e-05,8.541e-06,9.7249999999999992e-06,3.0375e-05,7.1560000000000006e-06,7.4549999999999998e-06,8.3320000000000009e-06,4.0179999999999998e-05,2.8630000000000002e-05,5.5930000000000002e-05,4.9924999999999994e-05,4.1264999999999999e-05,2.4739999999999997e-05,1.188e-05,5.4890000000000003e-06
9.3670000000000003e-06,2.5364999999999999e-05,4.0439999999999999e-05,8.5554999999999997e-06,5.3510000000000001e-05,4.1245000000000002e-05,7.9980000000000003e-06,3.9189999999999996e-05,2.1645e-05,2.7149999999999999e-05,9.2905000000000002e-06,1.0485e-05,3.5864999999999996e-05,8.5414999999999995e-06,8.0819999999999999e-06,8.8340000000000005e-06,4.8785000000000001e-05,3.4935000000000003e-05,7.5585000000000002e-05,6.533e-05,4.9509999999999999e-05,2.8030000000000001e-05,1.328e-05,5.9509999999999994e-06
1.0330000000000001e-05,2.7505000000000002e-05,4.6615e-05,9.2394999999999985e-06,6.2989999999999992e-05,4.6980000000000001e-05,8.7479999999999999e-06,4.5359999999999999e-05,2.3195000000000001e-05,3.0049999999999999e-05,1.02215e-05,1.17e-05,4.0685000000000001e-05,8.9134999999999986e-06,8.5590000000000006e-06,9.9369999999999999e-06,5.6285000000000001e-05,4.0649999999999999e-05,9.6634999999999999e-05,8.0320000000000003e-05,5.6875e-05,3.0870000000000001e-05,1.4069999999999999e-05,5.8394999999999997e-06
1.0965000000000001e-05,3.012e-05,5.1780000000000002e-05,1.0078000000000001e-05,7.0395000000000006e-05,5.2194999999999997e-05,9.6095000000000001e-06,5.1629999999999999e-05,2.4660000000000001e-05,3.2339999999999999e-05,1.0975000000000001e-05,1.2345e-05,4.5405000000000003e-05,9.5589999999999994e-06,9.1140000000000012e-06,1.0395000000000001e-05,6.2299999999999996e-05,4.5809999999999997e-05,0.00011745000000000001,9.324999999999999e-05,6.2824999999999996e-05,3.3285000000000004e-05,1.5400000000000002e-05,6.5304999999999996e-06
1.148e-05,3.2854999999999996e-05,5.6075000000000001e-05,1.044e-05,7.75e-05,5.732e-05,1.0265000000000001e-05,5.7575000000000004e-05,2.6130000000000002e-05,3.5065000000000004e-05,1.1919999999999999e-05,1.2995e-05,5.0135e-05,1.0360000000000001e-05,9.8370000000000009e-06,1.092e-05,6.7885000000000005e-05,5.0385e-05,0.00013605,0.0001042,6.8604999999999998e-05,3.5845e-05,1.6795000000000001e-05,6.8555000000000007e-06
1.2145e-05,3.519e-05,6.0489999999999999e-05,1.1220000000000001e-05,8.3514999999999989e-05,6.2899999999999997e-05,1.0885e-05,6.3800000000000006e-05,2.775e-05,3.7039999999999998e-05,1.2965e-05,1.3735e-05,5.5044999999999999e-05,1.1105e-05,1.03355e-05,1.1785e-05,7.271e-05,5.5469999999999996e-05,0.00015119999999999999,0.00011395000000000001,7.3900000000000007e-05,3.8275000000000002e-05,1.8259999999999998e-05,7.5610000000000001e-06
1.294e-05,3.752e-05,6.5150000000000012e-05,1.2139999999999999e-05,8.8809999999999998e-05,6.7949999999999998e-05,1.1445e-05,7.0204999999999996e-05,2.906e-05,3.8730000000000004e-05,1.3555e-05,1.4445e-05,5.9620000000000002e-05,1.22e-05,1.0909999999999999e-05,1.2414999999999999e-05,7.6964999999999992e-05,6.1165000000000001e-05,0.00016445000000000001,0.00012234999999999999,7.8844999999999995e-05,4.0855000000000001e-05,1.9304999999999999e-05,8.0790000000000001e-06
1.3805000000000001e-05,4.0074999999999998e-05,6.8940000000000001e-05,1.2745000000000001e-05,9.3859999999999999e-05,7.3299999999999993e-05,1.2175000000000001e-05,7.7000000000000001e-05,3.027e-05,4.0095000000000002e-05,1.4715000000000001e-05,1.5339999999999999e-05,6.4104999999999997e-05,1.3009999999999999e-05,1.1459999999999999e-05,1.3215e-05,8.059500000000001e-05,6.6459999999999997e-05,0.00017644999999999998,0.00013000000000000002,8.3750000000000003e-05,4.3399999999999998e-05,2.0489999999999999e-05,8.4475e-06
1.468e-05,4.3069999999999999e-05,7.2929999999999995e-05,1.346e-05,9.9060000000000004e-05,7.9355000000000002e-05,1.2955e-05,8.4210000000000009e-05,3.1640000000000002e-05,4.1260000000000001e-05,1.5954999999999999e-05,1.6229999999999999e-05,6.8799999999999992e-05,1.3885e-05,1.1989999999999999e-05,1.3915000000000001e-05,8.3609999999999994e-05,7.2479999999999997e-05,0.00018835,0.00013785000000000002,8.8765000000000008e-05,4.6174999999999998e-05,2.1965000000000001e-05,8.7494999999999998e-06
1.5145e-05,4.5935e-05,7.7294999999999998e-05,1.435e-05,0.00010385,8.5265000000000004e-05,1.3575000000000001e-05,9.1879999999999994e-05,3.3095000000000001e-05,4.1885000000000003e-05,1.7275e-05,1.7144999999999999e-05,7.3385000000000003e-05,1.4959999999999999e-05,1.278e-05,1.4739999999999999e-05,8.6224999999999995e-05,7.949e-05,0.00019955,0.0001461,9.3985000000000002e-05,4.8755000000000003e-05,2.355e-05,9.1424999999999993e-06
1.5979999999999999e-05,4.8919999999999999e-05,8.1614999999999997e-05,1.4955e-05,0.00010845000000000001,9.1349999999999998e-05,1.4190000000000001e-05,9.98e-05,3.4560000000000001e-05,4.2465000000000001e-05,1.8544999999999999e-05,1.8215000000000001e-05,7.7940000000000003e-05,1.6210000000000002e-05,1.3355e-05,1.5545000000000001e-05,8.8230000000000001e-05,8.7479999999999996e-05,0.00021105000000000001,0.00015414999999999998,9.9370000000000006e-05,5.1560000000000001e-05,2.476e-05,9.5189999999999998e-06
1.6674999999999999e-05,5.2235000000000004e-05,8.5184999999999992e-05,1.592e-05,0.0001122,9.7994999999999999e-05,1.4854999999999999e-05,0.00010674999999999999,3.5889999999999997e-05,4.2680000000000005e-05,2.0259999999999999e-05,1.916e-05,8.1839999999999989e-05,1.7289999999999999e-05,1.3915e-05,1.6595e-05,8.9309999999999997e-05,9.5439999999999994e-05,0.00022285000000000002,0.00016175,0.00010404999999999999,5.4230000000000001e-05,2.637e-05,9.7115000000000001e-06
1.7369999999999998e-05,5.6035000000000001e-05,8.8479999999999993e-05,1.681e-05,0.00011605,0.00010575,1.5545000000000001e-05,0.00011275,3.7085000000000002e-05,4.2385000000000002e-05,2.1890000000000002e-05,1.9899999999999999e-05,8.5544999999999995e-05,1.9044999999999998e-05,1.448e-05,1.7520000000000002e-05,9.0345000000000003e-05,0.00010325,0.00023450000000000001,0.0001695,0.00010879999999999999,5.6790000000000003e-05,2.7495e-05,1.0185e-05
1.8045000000000001e-05,6.0195000000000002e-05,9.1915000000000003e-05,1.7879999999999998e-05,0.0001199,0.0001141,1.6294999999999999e-05,0.0001181,3.8294999999999998e-05,4.2265000000000003e-05,2.3980000000000001e-05,2.1109999999999999e-05,8.9049999999999996e-05,2.0660000000000002e-05,1.5095e-05,1.8769999999999998e-05,9.1209999999999989e-05,0.0001116,0.00024665000000000001,0.0001774,0.0001138,5.931e-05,2.8704999999999997e-05,1.079e-05
1.8865e-05,6.4935000000000001e-05,9.5105000000000005e-05,1.8564999999999999e-05,0.00012344999999999999,0.00012370000000000003,1.7235e-05,0.00012219999999999999,3.9485000000000006e-05,4.1900000000000002e-05,2.6649999999999997e-05,2.2010000000000001e-05,9.1960000000000007e-05,2.2804999999999999e-05,1.5509999999999999e-05,2.0060000000000001e-05,9.1984999999999994e-05,0.00012065000000000001,0.00025900000000000001,0.00018505,0.00011855000000000001,6.1459999999999998e-05,2.9770000000000001e-05,1.1200000000000001e-05
1.9519999999999999e-05,7.025e-05,9.815e-05,1.9749999999999999e-05,0.00012665000000000002,0.00013454999999999999,1.804e-05,0.00012530000000000001,4.0645000000000001e-05,4.1350000000000002e-05,2.9615e-05,2.2824999999999999e-05,9.4580000000000006e-05,2.5415e-05,1.6175e-05,2.1504999999999998e-05,9.2514999999999991e-05,0.00013065,0.0002719,0.0001929,0.00012324999999999999,6.3714999999999996e-05,3.0765000000000001e-05,1.1355000000000001e-05
2.0335000000000001e-05,7.6664999999999999e-05,0.000101,2.0755e-05,0.00012935,0.00014694999999999999,1.8769999999999998e-05,0.00012770000000000001,4.1405000000000001e-05,4.0590000000000003e-05,3.3564999999999995e-05,2.4065000000000001e-05,9.628499999999999e-05,2.8655000000000003e-05,1.6850000000000003e-05,2.3494999999999998e-05,9.2685000000000011e-05,0.00014175,0.00028489999999999999,0.0002009,0.0001282,6.6089999999999999e-05,3.2085000000000002e-05,1.1629999999999999e-05
2.1254999999999999e-05,8.3745000000000005e-05,0.00010365,2.181e-05,0.00013145,0.00016139999999999999,1.9699999999999998e-05,0.00012855000000000001,4.2335e-05,3.9424999999999996e-05,3.8504999999999998e-05,2.5539999999999999e-05,9.6484999999999995e-05,3.2890000000000005e-05,1.7039999999999999e-05,2.5585e-05,9.2239999999999998e-05,0.0001528,0.00029845000000000002,0.00020845,0.00013295000000000001,6.86e-05,3.3475000000000001e-05,1.2095e-05
2.1949999999999998e-05,9.1819999999999998e-05,0.00010615000000000001,2.3179999999999998e-05,0.00013359999999999999,0.0001752,2.0419999999999998e-05,0.00012825,4.3185000000000001e-05,3.8735000000000001e-05,4.4675000000000002e-05,2.6285e-05,9.6290000000000001e-05,3.7760000000000004e-05,1.7555e-05,2.8649999999999998e-05,9.1800000000000009e-05,0.00016285,0.00031165000000000001,0.00021660000000000001,0.00013815,7.0950000000000003e-05,3.4620000000000004e-05,1.2655e-05
2.2860000000000001e-05,0.0001004,0.00010850000000000001,2.4085000000000001e-05,0.00013555000000000002,0.00018895000000000001,2.1384999999999999e-05,0.00012645000000000001,4.4064999999999999e-05,3.8109999999999999e-05,5.1715000000000002e-05,2.7574999999999999e-05,9.4514999999999999e-05,4.3525000000000001e-05,1.8070000000000001e-05,3.2205000000000001e-05,9.0934999999999996e-05,0.0001717,0.00032455,0.00022475000000000001,0.00014285,7.2994999999999988e-05,3.5834999999999998e-05,1.3009999999999999e-05
2.3589999999999999e-05,0.00010899999999999999,0.00011080000000000001,2.5355e-05,0.00013689999999999999,0.0002031,2.2540000000000001e-05,0.00012349999999999999,4.4675000000000002e-05,3.7395000000000004e-05,6.0145000000000001e-05,2.8800000000000002e-05,9.1934999999999993e-05,5.0430000000000003e-05,1.8895000000000001e-05,3.6859999999999996e-05,8.9615000000000002e-05,0.00018015000000000001,0.00033834999999999996,0.00023260000000000002,0.00014799999999999999,7.5389999999999995e-05,3.7199999999999996e-05,1.3499999999999999e-05
2.4474999999999999e-05,0.0001175,0.00011275,2.6925000000000001e-05,0.00013760000000000001,0.00021645,2.3744999999999997e-05,0.00011899999999999999,4.5399999999999999e-05,3.6480000000000003e-05,7.023000000000001e-05,3.0329999999999999e-05,8.7960000000000005e-05,5.8579999999999998e-05,1.9365000000000002e-05,4.2934999999999995e-05,8.7534999999999995e-05,0.0001873,0.00035234999999999997,0.00024110000000000001,0.00015310000000000001,7.8024999999999999e-05,3.8465000000000005e-05,1.3870000000000001e-05
2.514e-05,0.00012595,0.00011439999999999999,2.8365e-05,0.00013804999999999999,0.00022949999999999999,2.4980000000000001e-05,0.00011344999999999999,4.6035000000000002e-05,3.5624999999999999e-05,8.1960000000000008e-05,3.2069999999999996e-05,8.3015000000000004e-05,6.8125000000000003e-05,2.0105000000000001e-05,5.0795000000000004e-05,8.5415000000000008e-05,0.00019364999999999999,0.00036664999999999999,0.0002497,0.0001585,8.0790000000000004e-05,3.9889999999999999e-05,1.4425e-05
2.6575000000000002e-05,0.00013414999999999998,0.00011495,3.0175000000000002e-05,0.000137,0.00024150000000000002,2.637e-05,0.00010695,4.6699999999999997e-05,3.4289999999999999e-05,9.6835000000000004e-05,3.3895e-05,7.6854999999999995e-05,7.9624999999999997e-05,2.0614999999999998e-05,6.2189999999999999e-05,8.3355000000000004e-05,0.00019775000000000001,0.00038045,0.00025819999999999999,0.00016385,8.3225000000000004e-05,4.1214999999999998e-05,1.4930000000000001e-05
2.7755000000000001e-05,0.0001416,0.00011564999999999999,3.2320000000000002e-05,0.00013625000000000001,0.00025244999999999998,2.8145000000000002e-05,0.00010065000000000001,4.7395000000000003e-05,3.3670000000000001e-05,0.00011444999999999999,3.6439999999999997e-05,7.0644999999999999e-05,9.3074999999999999e-05,2.1470000000000003e-05,7.6914999999999991e-05,8.1860000000000006e-05,0.00020029999999999999,0.00039415000000000001,0.00026705000000000001,0.00016919999999999999,8.5934999999999996e-05,4.2749999999999996e-05,1.5625e-05
2.8975e-05,0.00014865000000000001,0.00011645,3.5165e-05,0.00013555000000000002,0.0002631,3.082e-05,9.5470000000000006e-05,4.7754999999999999e-05,3.3025000000000003e-05,0.00013515000000000001,4.0120000000000002e-05,6.5370000000000006e-05,0.00010789999999999999,2.234e-05,9.6080000000000002e-05,8.1049999999999991e-05,0.0002018,0.00040875000000000004,0.00027654999999999997,0.00017479999999999999,8.8955000000000005e-05,4.4060000000000002e-05,1.6010000000000001e-05
3.0675e-05,0.00015505,0.00011679999999999999,3.9415000000000001e-05,0.00013535000000000001,0.00027310000000000002,3.4985000000000005e-05,9.0600000000000007e-05,4.8260000000000002e-05,3.2665e-05,0.00015975000000000001,4.6279999999999997e-05,6.0004999999999999e-05,0.00012415000000000001,2.3769999999999998e-05,0.0001203,8.0469999999999994e-05,0.00020219999999999998,0.00042339999999999999,0.00028590000000000001,0.00018065,9.221e-05,4.5609999999999999e-05,1.66e-05
3.2724999999999996e-05,0.00015975000000000001,0.00011725,4.6365000000000001e-05,0.00013579999999999999,0.00028229999999999998,4.0989999999999999e-05,8.6224999999999995e-05,4.8474999999999999e-05,3.2375000000000001e-05,0.00018699999999999999,5.6325e-05,5.5104999999999995e-05,0.00014145,2.5605e-05,0.00015004999999999999,7.9494999999999997e-05,0.0002009,0.00043785000000000004,0.00029494999999999999,0.00018670000000000001,9.522e-05,4.706e-05,1.6994999999999999e-05
3.5410000000000001e-05,0.00016225000000000001,0.00011755,5.5974999999999999e-05,0.00013579999999999999,0.00029115,4.9400000000000001e-05,8.1860000000000006e-05,4.8849999999999995e-05,3.2644999999999997e-05,0.00021609999999999999,7.1774999999999996e-05,5.0464999999999999e-05,0.00015775000000000001,2.745e-05,0.00018515,7.7775000000000007e-05,0.00019845,0.0004529,0.00030465000000000001,0.00019305,9.8400000000000007e-05,4.8675000000000004e-05,1.7459999999999999e-05
3.7950000000000001e-05,0.00016100000000000001,0.00011684999999999999,6.8915e-05,0.0001348,0.00029790000000000003,6.0485000000000001e-05,7.6635000000000001e-05,4.9184999999999997e-05,3.2654999999999998e-05,0.00024574999999999998,9.5184999999999991e-05,4.6105e-05,0.00017285,2.9300000000000001e-05,0.00022590000000000002,7.4740000000000006e-05,0.00019335000000000001,0.00046715000000000005,0.00031435000000000002,0.00019875000000000001,0.000101035,5.0430000000000003e-05,1.821e-05
4.0134999999999994e-05,0.00015805000000000002,0.00011605,8.2519999999999989e-05,0.00013359999999999999,0.00030255000000000001,7.1005000000000002e-05,7.2055e-05,4.9844999999999995e-05,3.2694999999999998e-05,0.00027254999999999998,0.00012389999999999998,4.244e-05,0.00018430000000000001,3.0700000000000001e-05,0.00026610000000000002,7.0574999999999994e-05,0.00018754999999999998,0.00048119999999999999,0.00032419999999999997,0.00020505,0.00010454999999999999,5.1715000000000002e-05,1.8620000000000001e-05
4.1955000000000001e-05,0.0001537,0.00011510000000000001,9.4525000000000007e-05,0.00013250000000000002,0.00030644999999999999,8.0390000000000008e-05,6.8734999999999998e-05,5.0524999999999995e-05,3.2569999999999995e-05,0.00029480000000000001,0.00015474999999999999,3.9659999999999996e-05,0.00019254999999999999,3.2055000000000004e-05,0.00030155000000000004,6.6605000000000004e-05,0.00018104999999999998,0.00049594999999999999,0.00033410000000000004,0.00021100000000000001,0.00010769999999999999,5.3430000000000002e-05,1.9235000000000001e-05
4.3514999999999999e-05,0.00014994999999999999,0.00011415000000000001,0.00010375,0.0001314,0.00030975000000000002,8.8465000000000001e-05,6.6014999999999997e-05,5.1575e-05,3.2594999999999995e-05,0.00031385000000000001,0.00018560000000000001,3.7279999999999995e-05,0.0001985,3.3215e-05,0.00033264999999999998,6.3435000000000005e-05,0.00017424999999999998,0.00051114999999999993,0.00034414999999999999,0.00021670000000000001,0.000111,5.4830000000000002e-05,1.9619999999999998e-05
4.5090000000000004e-05,0.00014764999999999998,0.0001136,0.00010985,0.00013109999999999999,0.00031254999999999998,9.4950000000000004e-05,6.4499999999999996e-05,5.287e-05,3.2530000000000002e-05,0.00033034999999999998,0.00021460000000000001,3.5499999999999996e-05,0.0002028,3.4415000000000002e-05,0.00035970000000000002,6.1535e-05,0.00016699999999999999,0.00052674999999999998,0.00035444999999999997,0.00022305,0.00011459999999999999,5.6224999999999998e-05,2.022e-05
4.6589999999999999e-05,0.00014804999999999999,0.00011365,0.00011305000000000001,0.00013155,0.00031470000000000001,0.00010060000000000001,6.3540000000000005e-05,5.418e-05,3.2734999999999997e-05,0.00034430000000000002,0.00024035000000000001,3.4269999999999995e-05,0.00020484999999999999,3.5305000000000002e-05,0.00038289999999999998,6.128000000000001e-05,0.00015910000000000002,0.00054239999999999996,0.00036459999999999997,0.00022949999999999999,0.00011794999999999999,5.7964999999999998e-05,2.0870000000000002e-05
4.8169999999999995e-05,0.0001517,0.0001138,0.00011365,0.00013260000000000002,0.00031590000000000003,0.000107,6.2785000000000003e-05,5.5729999999999997e-05,3.3114999999999997e-05,0.00035575,0.00026345000000000003,3.2585000000000001e-05,0.00020484999999999999,3.5964999999999999e-05,0.00040395000000000003,6.2805000000000006e-05,0.00014964999999999998,0.00055754999999999997,0.00037405000000000001,0.00023569999999999998,0.00012080000000000001,5.9339999999999998e-05,2.1405000000000003e-05
4.9950000000000001e-05,0.00015799999999999999,0.00011459999999999999,0.0001125,0.00013420000000000001,0.00031740000000000002,0.0001138,6.2695000000000009e-05,5.7135000000000001e-05,3.392e-05,0.00036525000000000001,0.00028180000000000002,3.1779999999999997e-05,0.00020335000000000001,3.6870000000000004e-05,0.00042210000000000001,6.5610000000000004e-05,0.00014104999999999999,0.00057225000000000006,0.00038420000000000001,0.00024164999999999999,0.00012449999999999999,6.1024999999999999e-05,2.2019999999999999e-05
5.1900000000000001e-05,0.00016505,0.0001154,0.00011065000000000001,0.00013585000000000002,0.00031840000000000004,0.00012219999999999999,6.2304999999999994e-05,5.8744999999999994e-05,3.4935000000000003e-05,0.00037350000000000003,0.00029830000000000004,3.1115000000000003e-05,0.00020110000000000001,3.7960000000000002e-05,0.00043944999999999998,6.9119999999999989e-05,0.00013244999999999999,0.00058799999999999998,0.00039435000000000002,0.00024755000000000003,0.00012784999999999999,6.243000000000001e-05,2.2785e-05
5.4200000000000003e-05,0.00017105000000000001,0.00011545,0.0001076,0.00013715,0.00031780000000000003,0.00013285,6.1605000000000004e-05,6.0674999999999998e-05,3.5979999999999998e-05,0.00037990000000000002,0.0003143,3.0475000000000002e-05,0.00019745,3.9390000000000001e-05,0.00045569999999999996,7.2170000000000009e-05,0.00012340000000000002,0.00060280000000000002,0.00040399999999999995,0.00025339999999999998,0.00013105000000000001,6.3779999999999989e-05,2.3394999999999999e-05
5.6915e-05,0.00017470000000000002,0.00011444999999999999,0.00010400000000000001,0.00013739999999999998,0.00031484999999999998,0.00014669999999999999,6.0740000000000005e-05,6.2774999999999994e-05,3.697e-05,0.00038434999999999999,0.00032925000000000001,2.9819999999999999e-05,0.00019260000000000002,4.0994999999999996e-05,0.00047029999999999999,7.4095000000000001e-05,0.00011449999999999999,0.00061604999999999993,0.00041244999999999997,0.0002586,0.0001337,6.5145000000000001e-05,2.3830000000000001e-05
6.0340000000000002e-05,0.00017670000000000001,0.00011275,0.00010009999999999999,0.00013654999999999999,0.00030929999999999998,0.00016645000000000001,6.0035000000000004e-05,6.5265000000000006e-05,3.7574999999999999e-05,0.00038660000000000002,0.00034604999999999998,2.9354999999999999e-05,0.00018699999999999999,4.3185000000000001e-05,0.00048455000000000004,7.5140000000000002e-05,0.00010544999999999999,0.00062940000000000001,0.00042069999999999998,0.00026435,0.00013650000000000001,6.6530000000000002e-05,2.421e-05
6.4869999999999994e-05,0.00017975000000000001,0.0001109,9.6399999999999999e-05,0.00013525000000000001,0.00030164999999999999,0.00019134999999999999,5.9244999999999999e-05,6.826e-05,3.8285000000000004e-05,0.00038714999999999995,0.00036505000000000001,2.9155000000000001e-05,0.00018039999999999999,4.6199999999999998e-05,0.00049910000000000004,7.6415000000000006e-05,9.7940000000000001e-05,0.00064229999999999995,0.00042854999999999998,0.00026959999999999999,0.00013965000000000001,6.7880000000000007e-05,2.4770000000000002e-05
6.9745000000000004e-05,0.00018625,0.0001093,9.3805000000000001e-05,0.00013414999999999998,0.00029379999999999999,0.00022025000000000001,5.9634999999999994e-05,7.2449999999999999e-05,3.8659999999999999e-05,0.00038695,0.00038515000000000001,2.9075000000000002e-05,0.0001741,4.9339999999999999e-05,0.000513,8.0224999999999998e-05,9.2065000000000007e-05,0.00065569999999999995,0.00043659999999999999,0.00027475000000000004,0.00014320000000000001,6.923e-05,2.5355e-05
7.536000000000001e-05,0.00019805000000000002,0.0001081,9.2084999999999997e-05,0.0001337,0.00028475000000000001,0.00025349999999999998,5.9960000000000002e-05,7.996e-05,3.8794999999999997e-05,0.00038504999999999995,0.0004057,2.8989999999999999e-05,0.00016695000000000002,5.2719999999999997e-05,0.00052605000000000002,8.6775000000000009e-05,8.7245000000000009e-05,0.00066810000000000003,0.00044444999999999999,0.00028010000000000003,0.00014584999999999999,7.0414999999999996e-05,2.5945e-05
8.1794999999999999e-05,0.0002162,0.00010740000000000001,9.1215e-05,0.00013444999999999999,0.00027484999999999999,0.00029034999999999998,6.0735e-05,9.3620000000000002e-05,3.9059999999999995e-05,0.00038175000000000004,0.00042695,2.9050000000000001e-05,0.00015930000000000002,5.6240000000000004e-05,0.00053899999999999998,9.7515000000000004e-05,8.3389999999999999e-05,0.00068070000000000001,0.00045245000000000002,0.0002854,0.00014845,7.1700000000000008e-05,2.6310000000000001e-05
8.8629999999999997e-05,0.00024154999999999999,0.0001072,9.0710000000000004e-05,0.00013684999999999999,0.00026374999999999999,0.00033094999999999999,6.2064999999999996e-05,0.00011705,3.9490000000000003e-05,0.00037664999999999997,0.00044930000000000002,2.9159999999999999e-05,0.0001506,6.1204999999999994e-05,0.00055239999999999998,0.00011375,8.03e-05,0.00069424999999999999,0.00046049999999999997,0.00029060000000000002,0.00015165,7.2869999999999999e-05,2.6800000000000001e-05
9.5715000000000001e-05,0.00027355000000000001,0.00010755,9.0350000000000001e-05,0.00014035,0.00025050000000000002,0.00037355,6.3645000000000005e-05,0.0001539,4.0289999999999995e-05,0.00036769999999999999,0.00047139999999999997,2.9480000000000002e-05,0.00014055,6.9510000000000004e-05,0.00056565000000000001,0.00013635000000000001,7.756000000000001e-05,0.00070784999999999999,0.00046779999999999999,0.00029589999999999998,0.00015454999999999999,7.4370000000000008e-05,2.7350000000000001e-05
0.00010175000000000001,0.00030495000000000001,0.00010875,9.0600000000000007e-05,0.000145,0.0002387,0.00040939999999999998,6.5279999999999998e-05,0.00019635,4.1434999999999999e-05,0.00035895000000000002,0.00049115000000000009,3.0005000000000002e-05,0.00013180000000000001,8.2640000000000008e-05,0.00057835000000000004,0.0001616,7.5815000000000005e-05,0.00072185000000000001,0.00047559999999999996,0.0003009,0.0001571,7.5525000000000006e-05,2.7679999999999999e-05
0.000107,0.00033629999999999999,0.00011009999999999999,9.0950000000000002e-05,0.00015144999999999999,0.00022665000000000001,0.00044040000000000003,6.7230000000000005e-05,0.00024419999999999997,4.3550000000000001e-05,0.00034895,0.00050975,3.042e-05,0.00012314999999999998,0.00010229999999999999,0.00059130000000000001,0.00019085,7.4239999999999994e-05,0.000736,0.00048385000000000002,0.00030604999999999999,0.00015965,7.6500000000000003e-05,2.8155000000000001e-05
0.00011135,0.00036594999999999998,0.00011165,9.1175000000000007e-05,0.00015975000000000001,0.00021515,0.00046524999999999995,6.8799999999999992e-05,0.0002943,4.6400000000000003e-05,0.00033829999999999998,0.00052735,3.1229999999999997e-05,0.0001153,0.00013014999999999999,0.00060435000000000003,0.00022344999999999998,7.2680000000000002e-05,0.00074960000000000001,0.00049240000000000004,0.00031059999999999996,0.00016195000000000001,7.7899999999999996e-05,2.8629999999999999e-05
0.0001149,0.00039265000000000003,0.00011315000000000001,9.0950000000000002e-05,0.0001683,0.00020425,0.00048384999999999997,7.0434999999999999e-05,0.00034440000000000002,5.0494999999999997e-05,0.000328,0.00054325,3.1619999999999999e-05,0.00010849999999999999,0.00016750000000000001,0.00061720000000000004,0.00026115000000000003,7.0975000000000004e-05,0.00076300000000000001,0.00050040000000000002,0.00031539999999999997,0.00016415000000000001,7.9145000000000002e-05,2.9175000000000001e-05
0.00011740000000000001,0.00041624999999999995,0.00011415000000000001,9.0784999999999992e-05,0.0001785,0.00019430000000000001,0.00049704999999999997,7.1249999999999997e-05,0.00039209999999999999,5.6845000000000002e-05,0.00031815000000000001,0.00055695000000000007,3.2415000000000001e-05,0.00010245,0.00021575000000000001,0.00062834999999999996,0.00030690000000000003,6.9574999999999997e-05,0.00077585000000000002,0.00050730000000000003,0.00031974999999999999,0.00016550000000000001,7.996e-05,2.9839999999999999e-05
0.00011955000000000001,0.0004351,0.00011535000000000001,9.1130000000000003e-05,0.00018820000000000002,0.00018814999999999999,0.00050580000000000004,7.2125000000000005e-05,0.00042874999999999999,6.4309999999999999e-05,0.00031214999999999997,0.00056804999999999996,3.2840000000000004e-05,9.9220000000000002e-05,0.00026610000000000002,0.00063879999999999991,0.00035194999999999996,6.8839999999999998e-05,0.00078810000000000002,0.00051354999999999999,0.0003235,0.0001674,8.0629999999999992e-05,2.9920000000000002e-05
0.00012205000000000001,0.00045110000000000001,0.00011635000000000001,9.1454999999999998e-05,0.00019745,0.00018354999999999999,0.00051325000000000003,7.2745000000000009e-05,0.00045925000000000002,7.3045000000000003e-05,0.00030850000000000002,0.00057905000000000001,3.3315000000000002e-05,9.6759999999999988e-05,0.00032069999999999999,0.00064904999999999997,0.00039964999999999998,6.834e-05,0.00079984999999999995,0.00051935000000000002,0.00032689999999999998,0.00016889999999999999,8.1369999999999988e-05,3.0485e-05
0.0001249,0.00046525000000000001,0.00011730000000000001,9.2524999999999999e-05,0.00020590000000000002,0.00018075,0.00051994999999999993,7.3275000000000006e-05,0.00048395000000000003,8.2490000000000005e-05,0.00030640000000000002,0.00058949999999999996,3.4459999999999999e-05,9.5144999999999998e-05,0.00037735000000000004,0.00065894999999999994,0.00044755000000000001,6.7925000000000011e-05,0.00081090000000000003,0.00052510000000000002,0.00033014999999999997,0.00017039999999999999,8.1899999999999999e-05,3.1000000000000001e-05
0.00012790000000000002,0.00047789999999999996,0.0001182,9.4060000000000004e-05,0.00021415,0.00017885000000000001,0.00052614999999999997,7.3745000000000006e-05,0.00050369999999999994,9.2719999999999993e-05,0.00030499999999999999,0.00059884999999999995,3.5125e-05,9.4309999999999997e-05,0.00043585,0.00066859999999999999,0.00049529999999999995,6.8090000000000007e-05,0.00082139999999999991,0.00053065000000000002,0.00033374999999999995,0.00017155,8.2780000000000004e-05,3.1430000000000002e-05
0.00013180000000000001,0.00048765000000000001,0.0001193,9.6164999999999998e-05,0.00022330000000000001,0.00017770000000000001,0.00053125000000000004,7.4339999999999996e-05,0.00051915000000000002,0.00010325,0.00030489999999999998,0.00060669999999999995,3.6135000000000006e-05,9.3540000000000002e-05,0.00049069999999999995,0.00067734999999999996,0.00053925000000000002,6.8350000000000008e-05,0.00082994999999999998,0.00053560000000000001,0.00033629999999999999,0.0001728,8.3120000000000004e-05,3.1749999999999999e-05
0.0001361,0.00049845,0.000121,9.8955000000000004e-05,0.00023405,0.00017770000000000001,0.00053770000000000001,7.6114999999999999e-05,0.00053249999999999999,0.00011315,0.00030619999999999996,0.00061585000000000003,3.7324999999999999e-05,9.3745000000000005e-05,0.00053635,0.00068760000000000002,0.00057639999999999992,6.8615000000000006e-05,0.00084095000000000003,0.00054169999999999999,0.00033945000000000004,0.00017474999999999999,8.3869999999999995e-05,3.2079999999999998e-05
0.00014090000000000001,0.0005089999999999999,0.00012275,0.000102,0.00024640000000000003,0.00017809999999999999,0.00054410000000000005,7.8860000000000001e-05,0.00054355000000000007,0.00012314999999999998,0.00030800000000000001,0.00062429999999999994,3.8395000000000001e-05,9.3809999999999998e-05,0.00057375000000000004,0.00069755000000000001,0.00060884999999999997,6.9250000000000003e-05,0.00085264999999999994,0.00054730000000000002,0.00034239999999999997,0.00017615,8.4370000000000007e-05,3.2759999999999998e-05
0.00014635000000000001,0.00051964999999999997,0.0001249,0.000105,0.00026075000000000002,0.00017890000000000001,0.00055064999999999997,8.2335000000000004e-05,0.00055345000000000004,0.00013349999999999999,0.00031044999999999998,0.00063345000000000003,3.9929999999999999e-05,9.3709999999999996e-05,0.00060559999999999998,0.00070834999999999995,0.00063794999999999998,6.9775000000000002e-05,0.00086530000000000005,0.00055394999999999999,0.00034595000000000003,0.00017759999999999998,8.5224999999999998e-05,3.3500000000000001e-05
0.00015119999999999999,0.00052930000000000002,0.00012784999999999999,0.00010850000000000001,0.00027629999999999999,0.0001786,0.00055659999999999998,8.7050000000000002e-05,0.00056254999999999999,0.00014530000000000001,0.00031189999999999999,0.00064260000000000001,4.1350000000000002e-05,9.3599999999999998e-05,0.00063190000000000002,0.00071825000000000003,0.00066390000000000004,7.0999999999999991e-05,0.00087680000000000006,0.00055909999999999998,0.00034925000000000001,0.00017814999999999999,8.6250000000000009e-05,3.3680000000000003e-05
0.00015654999999999998,0.00053975000000000008,0.00013180000000000001,0.0001115,0.00029275000000000004,0.00017965,0.00056295,9.2380000000000007e-05,0.0005708,0.00015735,0.00031415000000000002,0.00065244999999999995,4.3355000000000001e-05,9.4074999999999996e-05,0.00065200000000000002,0.00072860000000000004,0.00068605000000000001,7.2105000000000002e-05,0.00088920000000000004,0.00056470000000000001,0.00035270000000000001,0.00017955,8.6295e-05,3.4109999999999997e-05
0.00016124999999999999,0.00054989999999999998,0.00013574999999999999,0.00011420000000000001,0.00030909999999999998,0.00018065,0.00056904999999999998,9.8645000000000002e-05,0.00057814999999999993,0.00017010000000000001,0.00031694999999999998,0.00066179999999999993,4.5510000000000003e-05,9.4790000000000006e-05,0.00067004999999999994,0.00073844999999999998,0.00070515000000000009,7.3230000000000002e-05,0.00090154999999999999,0.00057039999999999999,0.00035595000000000001,0.00018090000000000001,8.6810000000000004e-05,3.4239999999999997e-05
0.00016584999999999999,0.00055999999999999995,0.00013995000000000001,0.00011684999999999999,0.00032485000000000001,0.00018215000000000001,0.00057645000000000005,0.00010530000000000001,0.00058514999999999999,0.00018385,0.00032160000000000001,0.00067120000000000005,4.8269999999999997e-05,9.5284999999999993e-05,0.00068530000000000002,0.00074819999999999997,0.00072214999999999996,7.4985000000000001e-05,0.00091320000000000008,0.00057660000000000003,0.0003589,0.00018229999999999999,8.7915000000000001e-05,3.4769999999999994e-05
0.00016955,0.00057010000000000003,0.00014459999999999999,0.0001187,0.00033980000000000002,0.00018495,0.00058445000000000003,0.0001128,0.00059179999999999996,0.0001994,0.00032644999999999999,0.00067994999999999991,5.181e-05,9.6339999999999989e-05,0.00069884999999999999,0.00075804999999999991,0.000736,7.6465000000000007e-05,0.00092299999999999999,0.00058244999999999998,0.00036245,0.00018324999999999998,8.8040000000000004e-05,3.5325000000000005e-05
0.00017260000000000002,0.00057959999999999999,0.00014919999999999999,0.00012004999999999999,0.00035365,0.00018875000000000001,0.00059435,0.00012224999999999999,0.00059829999999999996,0.00021680000000000001,0.00033370000000000003,0.00068714999999999998,5.4965e-05,9.827499999999999e-05,0.00071020000000000002,0.00076634999999999995,0.00074845000000000001,7.8424999999999995e-05,0.00093264999999999993,0.00058675000000000003,0.00036485000000000001,0.00018459999999999999,8.8579999999999996e-05,3.6155000000000002e-05
0.00017500000000000003,0.00058960000000000002,0.00015305000000000001,0.00012135,0.00036260000000000003,0.000194,0.00060595000000000006,0.0001316,0.00060524999999999999,0.00023440000000000001,0.00034319999999999999,0.00069505000000000001,5.9485000000000004e-05,0.0001008,0.00072079999999999996,0.00077530000000000003,0.00076169999999999992,7.9949999999999992e-05,0.00094264999999999995,0.00059160000000000007,0.00036739999999999999,0.00018580000000000002,8.8994999999999998e-05,3.6084999999999998e-05
0.00017645000000000001,0.00059909999999999998,0.00015565000000000002,0.00012200000000000001,0.00036685,0.00020019999999999999,0.00061874999999999994,0.00014120000000000002,0.00061134999999999998,0.00025374999999999996,0.00035409999999999999,0.00070294999999999993,6.4344999999999995e-05,0.0001037,0.0007314,0.00078410000000000003,0.00077200000000000001,8.1125000000000007e-05,0.00095144999999999995,0.00059555000000000003,0.00036969999999999999,0.00018625,8.9645e-05,3.6325000000000002e-05
0.00017670000000000001,0.00060785000000000006,0.00015705,0.00012185000000000001,0.00036744999999999996,0.00020735,0.00063180000000000007,0.00015155,0.00061644999999999994,0.00027455000000000003,0.00036589999999999995,0.00071035,6.9999999999999994e-05,0.0001071,0.00074065000000000003,0.00079220000000000007,0.00078074999999999998,8.2065000000000008e-05,0.00096024999999999995,0.00059924999999999996,0.00037125,0.00018755000000000001,9.0390000000000007e-05,3.6710000000000006e-05
0.00017589999999999999,0.00061570000000000006,0.00015664999999999999,0.00012104999999999999,0.00036380000000000001,0.00021490000000000002,0.00064535000000000005,0.00016295,0.00062259999999999995,0.00029974999999999999,0.0003792,0.00071845000000000003,7.6895000000000002e-05,0.0001115,0.00074899999999999999,0.00080015000000000001,0.00079005000000000004,8.2595000000000005e-05,0.00096889999999999997,0.00060389999999999999,0.00037330000000000002,0.00018790000000000001,9.0535e-05,3.7824999999999998e-05
0.00017440000000000001,0.00062395000000000007,0.00015640000000000001,0.00012009999999999999,0.00035895000000000002,0.00022120000000000001,0.0006573499999999999,0.00017450000000000001,0.00062699999999999995,0.00032355000000000003,0.00039205000000000002,0.00072619999999999998,8.5745e-05,0.00011505,0.00075710000000000003,0.00080765000000000003,0.00079825000000000002,8.2714999999999997e-05,0.00097650000000000005,0.00060760000000000002,0.00037490000000000001,0.00018879999999999998,9.0984999999999997e-05,3.7769999999999999e-05
0.00017305000000000001,0.00063254999999999995,0.00015575000000000002,0.0001189,0.00035515000000000004,0.00022865,0.00066980000000000002,0.00018584999999999999,0.00063199999999999997,0.00034850000000000001,0.00040410000000000001,0.00073275,9.4974999999999991e-05,0.00012025,0.00076515000000000003,0.00081505,0.0008068000000000001,8.2899999999999996e-05,0.00098424999999999988,0.00061085000000000002,0.00037724999999999998,0.00018945000000000002,9.2139999999999995e-05,3.8214999999999999e-05
0.00017259999999999999,0.00064174999999999996,0.0001548,0.00011849999999999999,0.00035305000000000004,0.00023595000000000002,0.00068249999999999995,0.00019805000000000002,0.00063949999999999999,0.00037529999999999996,0.00041620000000000003,0.00073925,0.00010620000000000001,0.00012405000000000001,0.00077430000000000001,0.00082299999999999995,0.00081519999999999997,8.3070000000000003e-05,0.00099199999999999983,0.00061534999999999997,0.00037894999999999997,0.00018994999999999998,9.2664999999999995e-05,3.8340000000000002e-05
0.00017319999999999998,0.00065019999999999998,0.0001527,0.00011850000000000001,0.0003522,0.00024345000000000001,0.00069490000000000003,0.0002106,0.00064499999999999996,0.00040420000000000001,0.00042745000000000001,0.00074620000000000003,0.00012075000000000001,0.00012889999999999999,0.00078279999999999995,0.00083160000000000005,0.00082354999999999993,8.2890000000000001e-05,0.001,0.00061935000000000007,0.00038135000000000003,0.0001897,9.3404999999999991e-05,3.9109999999999997e-05
0.00017445000000000001,0.00065774999999999991,0.00015045,0.00011899999999999999,0.00035409999999999999,0.00024909999999999998,0.00070465000000000002,0.0002229,0.00064904999999999997,0.00043305000000000004,0.00043780000000000002,0.00075240000000000007,0.00013535000000000001,0.0001327,0.00079005000000000004,0.00083930000000000007,0.00083115000000000001,8.2149999999999991e-05,0.0010065,0.0006221,0.00038224999999999999,0.00018990000000000001,9.3559999999999992e-05,3.8999999999999999e-05
0.00017684999999999999,0.00066419999999999999,0.00014770000000000001,0.00011975000000000001,0.00035999999999999997,0.00025425000000000003,0.00071370000000000005,0.0002343,0.00065445,0.00046115000000000001,0.00044664999999999999,0.00076015000000000002,0.00015139999999999999,0.00013615,0.00079754999999999995,0.00084665000000000001,0.00083934999999999999,8.1555000000000001e-05,0.0010145,0.00062615000000000001,0.00038449999999999997,0.00019125000000000001,9.4270000000000004e-05,3.9100000000000002e-05
0.00017985000000000001,0.00067144999999999998,0.00014459999999999999,0.00012105,0.00036549999999999999,0.00025785000000000001,0.00072199999999999999,0.00024499999999999999,0.00065945000000000001,0.00048795000000000002,0.00045379999999999997,0.00076760000000000001,0.00016879999999999998,0.00013890000000000002,0.00080400000000000003,0.00085395000000000002,0.00084734999999999997,8.110499999999999e-05,0.0010219999999999999,0.00062954999999999999,0.00038630000000000001,0.00019125000000000001,9.4864999999999994e-05,3.9994999999999999e-05
0.00018325000000000001,0.00067865000000000004,0.00014354999999999999,0.0001227,0.00037425000000000002,0.00025969999999999997,0.00072740000000000001,0.00025710000000000002,0.00066399999999999999,0.00051580000000000007,0.00045819999999999997,0.00077414999999999992,0.00018790000000000001,0.00013959999999999998,0.00081170000000000005,0.000861,0.00085375000000000002,8.1180000000000005e-05,0.0010295,0.00063309999999999994,0.0003882,0.00019175,9.48e-05,4.0225000000000002e-05
0.00018725,0.0006850999999999999,0.00014340000000000002,0.00012475,0.00038465,0.00025930000000000001,0.00073170000000000006,0.00027034999999999998,0.00066949999999999996,0.00054250000000000001,0.00045980000000000001,0.00078129999999999996,0.00020755,0.00013955,0.00081894999999999993,0.0008677,0.00086169999999999997,8.2949999999999997e-05,0.0010375,0.00063705000000000001,0.00038905,0.000193,9.5959999999999996e-05,4.0145000000000003e-05
0.0001917,0.00069315000000000002,0.00014579999999999999,0.00012705,0.00039639999999999999,0.00025814999999999996,0.00073514999999999995,0.00028499999999999999,0.00067424999999999994,0.00056689999999999996,0.00045925000000000002,0.00078790000000000002,0.00022689999999999999,0.00013844999999999998,0.00082635,0.00087564999999999995,0.00087000000000000001,8.4179999999999997e-05,0.0010480000000000001,0.00064189999999999994,0.00039159999999999998,0.00019379999999999999,9.6454999999999997e-05,4.0895000000000001e-05
0.00019714999999999999,0.00070045000000000003,0.00014990000000000001,0.00012889999999999999,0.00040959999999999998,0.00025785000000000001,0.00073854999999999993,0.00030250000000000003,0.00067909999999999997,0.00058929999999999996,0.00045899999999999999,0.00079495,0.00024565000000000003,0.000137,0.00083645000000000008,0.00088389999999999996,0.0008786,8.6979999999999997e-05,0.001057,0.00064695000000000009,0.00039305000000000004,0.0001941,9.7300000000000007e-05,4.1489999999999997e-05
0.000203,0.00070784999999999999,0.00015549999999999999,0.00013204999999999998,0.00042500000000000003,0.00025759999999999997,0.00074324999999999999,0.00032265000000000001,0.00068475000000000003,0.00061269999999999999,0.00046065,0.00080395,0.00026570000000000001,0.00013585000000000002,0.00084515000000000002,0.00089219999999999989,0.00088790000000000006,9.0870000000000002e-05,0.0010655,0.00065210000000000008,0.00039614999999999995,0.00019430000000000001,9.8045000000000001e-05,4.2110000000000002e-05
0.00020835,0.00071444999999999994,0.00016259999999999999,0.00013569999999999999,0.00044190000000000001,0.00025960000000000002,0.00074879999999999999,0.00034730000000000004,0.00068899999999999994,0.00063170000000000001,0.00046285,0.00080980000000000006,0.00028455,0.00013664999999999999,0.00085125000000000001,0.00089815000000000001,0.00089594999999999996,9.5749999999999996e-05,0.001072,0.00065415000000000004,0.00039744999999999998,0.00019579999999999999,9.9020000000000011e-05,4.3305e-05
0.00021480000000000002,0.00071815000000000008,0.00017185,0.00013835,0.00046035,0.00026225,0.00075434999999999999,0.00037244999999999997,0.00069169999999999995,0.00064594999999999995,0.00046799999999999999,0.00081345000000000007,0.00029934999999999999,0.00013789999999999999,0.00085649999999999995,0.00090160000000000001,0.00090090000000000005,0.00010057499999999999,0.0010774999999999999,0.00065545000000000002,0.00039820000000000003,0.00019565000000000001,9.9970000000000007e-05,4.3204999999999997e-05
0.00022175,0.00072039999999999995,0.00018360000000000002,0.00014245000000000002,0.00048375000000000002,0.00026824999999999999,0.00076300000000000001,0.00040414999999999998,0.0006935,0.00065919999999999998,0.00047615,0.00081670000000000006,0.00031214999999999997,0.00014165,0.00085969999999999992,0.00090554999999999997,0.00090394999999999994,0.0001069,0.0010790000000000001,0.00065645000000000005,0.00039800000000000002,0.00019660000000000001,9.9325000000000002e-05,4.3080000000000001e-05
0.00022875,0.00072320000000000001,0.00020254999999999999,0.00014735,0.00051289999999999994,0.00027654999999999997,0.00077295,0.00044674999999999999,0.00069695,0.00066994999999999999,0.00049100000000000001,0.00081824999999999997,0.00032435,0.00014885000000000001,0.00086395000000000005,0.00091095,0.00090594999999999998,0.00011875,0.0010820000000000001,0.00065780000000000005,0.00039674999999999997,0.00019585000000000002,0.0001014,4.4070000000000003e-05
0.00023769999999999998,0.00072645000000000001,0.00022594999999999999,0.00015415000000000001,0.0005455499999999999,0.00028755000000000002,0.00078249999999999999,0.00049649999999999998,0.00069640000000000001,0.00067749999999999993,0.00050434999999999998,0.00081974999999999995,0.00033504999999999999,0.00015650000000000001,0.00086695000000000001,0.0009144,0.00090879999999999997,0.0001338,0.0010839999999999999,0.00065864999999999999,0.00039625000000000001,0.00019535,0.00010032,4.3625000000000003e-05
0.0002454,0.00072670000000000005,0.00025259999999999996,0.00015825,0.00057974999999999997,0.00029885000000000003,0.00079149999999999999,0.00054955,0.00069620000000000001,0.00068549999999999991,0.00051994999999999993,0.00082139999999999991,0.00034325000000000002,0.00016514999999999998,0.00086844999999999999,0.00091565000000000006,0.00090824999999999999,0.0001516,0.001085,0.00065689999999999998,0.00039570000000000002,0.0001953,0.00010124999999999999,4.3059999999999998e-05
0.00025399999999999999,0.00073019999999999997,0.00028360000000000001,0.00016420000000000001,0.00061889999999999992,0.00031119999999999997,0.00080370000000000007,0.0006068,0.00070200000000000004,0.00069289999999999998,0.00053675000000000001,0.00082449999999999993,0.00035185000000000001,0.00017395,0.00087199999999999995,0.00092170000000000001,0.00091365000000000001,0.000176,0.0010899999999999998,0.00065864999999999999,0.00039659999999999999,0.00019484999999999999,0.000100095,4.295e-05
0.00026119999999999995,0.00073489999999999992,0.00032180000000000002,0.00016935,0.00066360000000000008,0.00032465,0.00081569999999999993,0.00066799999999999997,0.0007048,0.0007025,0.00055410000000000008,0.00082590000000000007,0.00036019999999999997,0.00018370000000000002,0.00087625000000000008,0.00092599999999999996,0.00091724999999999999,0.00020794999999999999,0.0010934999999999999,0.00065894999999999994,0.00039609999999999998,0.00019424999999999998,9.9660000000000005e-05,4.3205000000000004e-05
0.00026650000000000003,0.00073765000000000007,0.00035015000000000003,0.0001751,0.00070175000000000001,0.00033179999999999999,0.00082299999999999995,0.00071294999999999996,0.00070855000000000007,0.00070925000000000003,0.00056570000000000004,0.00083120000000000004,0.0003678,0.0001907,0.00088024999999999996,0.00093119999999999997,0.00092160000000000007,0.00023605000000000002,0.0010970000000000001,0.00066034999999999998,0.00039720000000000001,0.00019684999999999999,0.00010028500000000001,4.3630000000000001e-05
0.00027310000000000002,0.00074229999999999999,0.00037235000000000002,0.00017884999999999998,0.00073645000000000004,0.00033949999999999996,0.00083020000000000001,0.00074750000000000001,0.00071124999999999997,0.0007161,0.00057544999999999992,0.00083329999999999993,0.00037244999999999997,0.00019579999999999999,0.00088484999999999996,0.00093665000000000003,0.00092699999999999998,0.00025965,0.0011015,0.00066350000000000003,0.00039610000000000003,0.00019690000000000002,0.00010105,4.3954999999999995e-05
0.00027760000000000003,0.00074559999999999991,0.00039215000000000002,0.00018205000000000001,0.00077249999999999997,0.00034460000000000003,0.0008363,0.00077654999999999998,0.00071325000000000002,0.00072174999999999995,0.00058200000000000005,0.00083494999999999999,0.00037734999999999998,0.00020075,0.00088699999999999998,0.0009412,0.00093165000000000001,0.00027924999999999998,0.0011075,0.00066379999999999998,0.00039579999999999997,0.00019684999999999999,0.00010205,4.3605e-05
0.00028200000000000002,0.00075194999999999993,0.00040465,0.00018285,0.00080904999999999996,0.00034995000000000002,0.00084294999999999997,0.00080015000000000001,0.00071775000000000007,0.00072575000000000005,0.00059104999999999997,0.00083635000000000003,0.00038265,0.00020515000000000003,0.00089294999999999999,0.0009458,0.00093715000000000009,0.00029325,0.001114,0.00066730000000000001,0.00039694999999999997,0.0001996,0.00010454999999999999,4.3930000000000001e-05
0.00028465000000000001,0.00075614999999999992,0.00041419999999999998,0.00018659999999999998,0.00084025000000000007,0.00035294999999999999,0.00084635000000000005,0.00081630000000000006,0.00072004999999999997,0.00073090000000000004,0.00059279999999999999,0.00084105000000000009,0.00038929999999999998,0.0002061,0.00089379999999999993,0.00095024999999999992,0.00093800000000000003,0.00030354999999999998,0.0011185000000000001,0.00067069999999999999,0.00039745000000000004,0.00019945,0.00010459999999999999,4.4465000000000002e-05
0.00028600000000000001,0.00075694999999999994,0.00042045,0.00019259999999999999,0.00086874999999999995,0.0003524,0.00085015000000000004,0.00082780000000000006,0.00072015000000000002,0.00073480000000000008,0.00059645,0.00084475000000000001,0.00039130000000000002,0.00020714999999999999,0.00090054999999999996,0.00095330000000000002,0.000941,0.00031139999999999998,0.0011220000000000002,0.00067095000000000002,0.00039745000000000004,0.00019664999999999998,0.00010425,4.1544999999999996e-05
